,pm_mean,pm_p99,station_hours_gt35.5,hours_any_gt35.5
2024-10,4.934,20.7,0.002,0.208
2024-11,6.281,33.0,0.007,0.386
2024-12,5.938,26.741,0.003,0.257
2025-01,7.529,33.0,0.008,0.448
2025-02,5.743,28.921,0.006,0.426
2025-03,3.821,18.5,0.001,0.134
2025-04,4.377,17.0,0.001,0.079
2025-05,3.761,13.0,0.0,0.034
2025-06,4.906,20.7,0.003,0.175
2025-07,4.819,16.8,0.001,0.105
2025-08,6.395,23.4,0.003,0.237
2025-09,11.529,68.3,0.051,0.821
2025-10,5.514,25.4,0.004,0.332
2025-11,6.309,27.0,0.003,0.285
2025-12,5.163,24.6,0.003,0.249
2026-01,7.51,33.0,0.008,0.392
2026-02,4.883,22.0,0.002,0.17
2026-03,3.852,20.0,0.001,0.141
2026-04,4.599,18.0,0.001,0.115
2026-05,4.498,15.0,0.001,0.086
2026-06,3.707,14.0,0.001,0.086
2026-07,8.131,60.0,0.033,0.617
2026-08,15.269,123.0,0.107,0.913
2026-09,5.296,18.3,0.001,0.117
